,Scores,Log Regression
0,score,0.9122040920249834
1,auc,0.5239194896855545
2,f1,0.025728856363496838
