,Scores,Log Regression,KNN
0,score,0.9726271733940058,0.9984972332237858
1,auc,0.6663847885619767,0.742385648509971
2,f1,0.08967772069126577,0.6164874551971326
